Q_num,Var_Name,Type,New Variable Name,Q_Scale,Unnamed: 5
Q1P,Important in life: Family,Ordinal,belonging1,"4=Very important 
3=Rather important 
2=Not very important 
1=Not important at all ",
Q2P,Important in life: Friends,Ordinal,belonging2,"4=Very important 
3=Rather important 
2=Not very important 
1=Not important at all ",
Q3P,Important in life: Leisure time,Ordinal,esteem1,"4=Very important 
3=Rather important 
2=Not very important 
1=Not important at all ",
Q4P,Important in life: Politics,Ordinal,civic1,"4=Very important 
3=Rather important 
2=Not very important 
1=Not important at all ",
Q5P,Important in life: Work,Ordinal,esteem2,"4=Very important 
3=Rather important 
2=Not very important 
1=Not important at all ",
Q6P,Important in life: Religion,Ordinal,belonging3,"4=Very important 
3=Rather important 
2=Not very important 
1=Not important at all ",
Q7P,Important child qualities: Good manners,Binary,trust1,"1=Mentioned 
0=Not mentioned",
Q8P,Important child qualities: Independence ,Binary,growth1,"1=Mentioned 
0=Not mentioned",
Q9P,Important child qualities: Hard work,Binary,growth2,"1=Mentioned 
0=Not mentioned",
Q10P,Important child qualities: Feeling of responsibility,Binary,civic2,"1=Mentioned 
0=Not mentioned",
Q11P,Important child qualities: Imagination,Binary,growth3,"1=Mentioned 
0=Not mentioned",
Q12P,Important child qualities: Tolerance and respect for other people,Binary,ethical1,"1=Mentioned 
0=Not mentioned",
Q13P,Important child qualities: Thrift saving money and things,Binary,ethical2,"1=Mentioned 
0=Not mentioned",
Q14P,Important child qualities: Determination perseverance ,Binary,growth4,"1=Mentioned 
0=Not mentioned",
Q15P,Important child qualities: Religious faith,Binary,growth5,"1=Mentioned 
0=Not mentioned",
Q16P,Important child qualities: Unselfishness,Binary,ethical3,"1=Mentioned 
0=Not mentioned",
Q17P,Important child qualities: Obedience ,Binary,ethical4,"1=Mentioned 
0=Not mentioned",
Q18P,Neighbors: Drug addicts,Binary,ethical5,"1=Mentioned 
0=Not mentioned",
Q19P,Neighbors: People of a different race,Binary,ethical6,"1=Mentioned 
0=Not mentioned",
Q20P,Neighbors: People who have AIDS ,Binary,ethical7,"1=Mentioned 
0=Not mentioned",
Q21P,Neighbors: Immigrants/foreign workers,Binary,ethical8,"1=Mentioned 
0=Not mentioned",
Q22P,Neighbors: Homosexuals,Binary,ethical9,"1=Mentioned 
0=Not mentioned",
Q23P,Neighbors: People of a different religion,Binary,ethical10,"1=Mentioned 
0=Not mentioned",
Q24P,Neighbors: Heavy drinkers ,Binary,ethical11,"1=Mentioned 
0=Not mentioned",
Q25P,Neighbors: Unmarried couples living together  ,Binary,ethical12,"1=Mentioned 
0=Not mentioned",
Q26P,Neighbors: People who speak a different language ,Binary,ethical13,"1=Mentioned 
0=Not mentioned",
Q27P,One of main goals in life has been to make my parents proud ,Ordinal,esteem3,"4=Strongly agree 
3=Agree 
2=Disagree 
1=Strongly disagree ",
Q28P,Pre-school child suffers with working mother,Ordinal,belonging4,"4=Strongly agree 
3=Agree 
2=Disagree 
1=Strongly disagree ",
Q29P,Men make better political leaders than women do,Ordinal,ga_leaders_male_better,"4=Strongly agree 
3=Agree 
2=Disagree 
1=Strongly disagree ",
Q30P,University is more important for a boy than for a girl ,Ordinal,ga_edu_male_priority,"4=Strongly agree 
3=Agree 
2=Disagree 
1=Strongly disagree ",
Q31P,Men make better business executives than women do,Ordinal,ga_exec_male_better,"4=Strongly agree 
3=Agree 
2=Disagree 
1=Strongly disagree ",
Q32P,Being a housewife just as fulfilling ,Ordinal,esteem4,"4=Strongly agree 
3=Agree 
2=Disagree 
1=Strongly disagree ",
Q33P,Jobs scarce: Men should have more right to a job than women,Ordinal,ga_jobs_male_priority,"5=Strongly agree 
4=Agree 
3=Neither agree, nor disagree 
2=Disagree 
1=Strongly disagree ",
Q34P,Jobs scarce: Employers should give priority to (nation) people than immigrants ,Ordinal,emp_prior_immig,"5=Strongly agree 
4=Agree 
3=Neither agree, nor disagree 
2=Disagree 
1=Strongly disagree ",
Q35P,Problem if women have more income than husband,Ordinal,ga_income_woman_problem,"5=Strongly agree 
4=Agree 
3=Neither agree, nor disagree 
2=Disagree 
1=Strongly disagree ",
Q36P,Homosexual couples are as good parents as other couples ,Ordinal,ethical14,"5=Strongly agree 
4=Agree 
3=Neither agree, nor disagree 
2=Disagree 
1=Strongly disagree ",
Q37P,Duty towards society to have children,Ordinal,civic3,"5=Strongly agree 
4=Agree 
3=Neither agree, nor disagree 
2=Disagree 
1=Strongly disagree ",
Q38P,It is children duty to take care of ill parent,Ordinal,civic4,"5=Strongly agree 
4=Agree 
3=Neither agree, nor disagree 
2=Disagree 
1=Strongly disagree ",
Q39P,People who don ́t work turn lazy ,Ordinal,ethical15,"5=Strongly agree 
4=Agree 
3=Neither agree, nor disagree 
2=Disagree 
1=Strongly disagree ",
Q40P,Work is a duty towards society,Ordinal,civic5,"5=Strongly agree 
4=Agree 
3=Neither agree, nor disagree 
2=Disagree 
1=Strongly disagree ",
Q41P,Work should  always come first even if it means less spare time,Ordinal,civic6,"5=Strongly agree 
4=Agree 
3=Neither agree, nor disagree 
2=Disagree 
1=Strongly disagree ",
Q42,Basic kinds of attitudes concerning society,Nominal,society_concern,"1.- The entire way our society is organized must be radically changed by revolutionary 
action 
2.- Our society must be gradually improved by reforms  
3.- Our present society must be valiantly defended against all subversive forces  ",
Q43P,Future changes: Less importance placed on work ,Ordinal,growth6,"3=Good 
2=Don’t mind 
1=Bad",
Q44P,Future changes: More emphasis on technology,Ordinal,growth7,"3=Good 
2=Don’t mind 
1=Bad",
Q45P,Future changes: Greater respect for authority  ,Ordinal,growth8,"3=Good 
2=Don’t mind 
1=Bad",
Q46P,Feeling of happiness ,Ordinal,happy,"4=Very happy 
3=Rather happy 
2=Not very happy 
1=Not at all happy",
Q47P,State of health (subjective),Ordinal,physio1,"5=Very good 
4=Good 
3=Fair 
2=Poor 
1=Very poor ",
Q48,How much freedom of choice and control,Ordinal,esteem5,"10.- A great deal 
9.- 9 
8.- 8 
7.- 7 
6.- 6 
5.- 5 
4.- 4 
3.- 3 
2.- 2 
1.- None at all",
Q49,Satisfaction with your life,Ordinal,sact,"10.- Completely satisfied 
9.- 9 
8.- 8 
7.- 7 
6.- 6 
5.- 5 
4.- 4 
3.- 3 
2.- 2 
1.- Completely dissatisfied ",
Q50,Satisfaction with financial situation of household ,Ordinal,safety1,"10.- Satisfied 
9.- 9 
8.- 8 
7.- 7 
6.- 6 
5.- 5 
4.- 4 
3.- 3 
2.- 2 
1.- Dissatisfied",
Q51P,Frequency you/family (last 12 month): Gone without enough food to eat ,Ordinal,physio2,"4=Often 
3=Sometimes 
2=Rarely 
1=Never",1.0
Q52P,Frequency you/family (last 12 month): Felt unsafe from crime in your own home,Ordinal,safety2,"4=Often 
3=Sometimes 
2=Rarely 
1=Never",1.0
Q53P,"Frequency you/family (last 12 month): Gone without needed medicine or treatment 
that you needed",Ordinal,physio3,"4=Often 
3=Sometimes 
2=Rarely 
1=Never",1.0
Q54P,Frequency you/family (last 12 month): Gone without a cash income,Ordinal,safety3,"4=Often 
3=Sometimes 
2=Rarely 
1=Never",1.0
Q55P,"In the last 12 month, how often have you or your family: Gone without a safe shelter 
over your head",Ordinal,safety4,"4=Often 
3=Sometimes 
2=Rarely 
1=Never ",
Q56P,Standard of living comparing with your parents,Ordinal,esteem6,"3=Better off 
1=Worse off 
2=Or about the same",
Q57P,Most people can be trusted,Ordinal,trust2,"1=Can’t be too careful 
2=Most people can be trusted ",
Q58P,How much you trust: Your family,Ordinal,trust3,"4=Trust completely 
3=Trust somewhat 
2=Do not trust very much 
1=Do not trust at all",
Q59P,Trust: Your neighborhood,Ordinal,trust4,"4=Trust completely 
3=Trust somewhat 
2=Do not trust very much 
1=Do not trust at all",
Q60P,Trust: People you know personally,Ordinal,trust5,"4=Trust completely 
3=Trust somewhat 
2=Do not trust very much 
1=Do not trust at all",
Q61P,Trust: People you meet for the first time,Ordinal,trust6,"4=Trust completely 
3=Trust somewhat 
2=Do not trust very much 
1=Do not trust at all",
Q62P,Trust: People of another religion ,Ordinal,trust7,"4=Trust completely 
3=Trust somewhat 
2=Do not trust very much 
1=Do not trust at all",
Q63P,Trust: People of another nationality,Ordinal,trust8,"4=Trust completely 
3=Trust somewhat 
2=Do not trust very much 
1=Do not trust at all",
Q64P,Confidence: Churches ,Ordinal,trust9,"4=A great deal 
3=Quite a lot 
2=Not very much 
1=None at all",
Q65P,Confidence: Armed Forces,Ordinal,trust10,"4=A great deal 
3=Quite a lot 
2=Not very much 
1=None at all",
Q66P,Confidence: The Press,Ordinal,trust11,"4=A great deal 
3=Quite a lot 
2=Not very much 
1=None at all",
Q67P,Confidence: Television ,Ordinal,trust12,"4=A great deal 
3=Quite a lot 
2=Not very much 
1=None at all",
Q68P,Confidence: Labor Unions,Ordinal,trust13,"4=A great deal 
3=Quite a lot 
2=Not very much 
1=None at all",
Q69P,Confidence: The Police,Ordinal,trust14,"4=A great deal 
3=Quite a lot 
2=Not very much 
1=None at all",
Q70P,Confidence: Justice System/Courts,Ordinal,trust15,"4=A great deal 
3=Quite a lot 
2=Not very much 
1=None at all",
Q71P,Confidence: The Government,Ordinal,trust16,"4=A great deal 
3=Quite a lot 
2=Not very much 
1=None at all",
Q72P,Confidence: The Political Parties,Ordinal,trust17,"4=A great deal 
3=Quite a lot 
2=Not very much 
1=None at all",
Q73P,Confidence: Parliament,Ordinal,trust18,"4=A great deal 
3=Quite a lot 
2=Not very much 
1=None at all",
Q74P,Confidence: The Civil Services,Ordinal,trust19,"4=A great deal 
3=Quite a lot 
2=Not very much 
1=None at all",
Q75P,Confidence: Universities,Ordinal,trust20,"4=A great deal 
3=Quite a lot 
2=Not very much 
1=None at all",
Q76P,Confidence: Election,Ordinal,trust21,"4=A great deal 
3=Quite a lot 
2=Not very much 
1=None at all",
Q77P,Confidence: Major Companies,Ordinal,trust22,"4=A great deal 
3=Quite a lot 
2=Not very much 
1=None at all",
Q78P,Confidence: Banks,Ordinal,trust23,"4=A great deal 
3=Quite a lot 
2=Not very much 
1=None at all",
Q79P,Confidence: The Environmental Protection Movement,Ordinal,trust24,"4=A great deal 
3=Quite a lot 
2=Not very much 
1=None at all",
Q80P,Confidence: The Women ́s Movement,Ordinal,trust25,"4=A great deal 
3=Quite a lot 
2=Not very much 
1=None at all",
Q81P,Confidence: Charitable or humanitarian organizations,Ordinal,trust26,"4=A great deal 
3=Quite a lot 
2=Not very much 
1=None at all",
Q82P,Confidence: Major regional organization (combined from country-specific) ,Ordinal,trust27,"4=A great deal 
3=Quite a lot 
2=Not very much 
1=None at all",
Q83P,Confidence: The United Nations (UN) ,Ordinal,trust28,"4=A great deal 
3=Quite a lot 
2=Not very much 
1=None at all",
Q84P,Confidence: International Monetary Found (IMF),Ordinal,trust29,"4=A great deal 
3=Quite a lot 
2=Not very much 
1=None at all",
Q85P,Confidence: International Criminal Court (ICC),Ordinal,trust30,"4=A great deal 
3=Quite a lot 
2=Not very much 
1=None at all",
Q86P,Confidence: North Atlantic Treaty Organization (NATO) ,Ordinal,trust31,"4=A great deal 
3=Quite a lot 
2=Not very much 
1=None at all",
Q87P,Confidence: The World Bank (WB),Ordinal,trust32,"4=A great deal 
3=Quite a lot 
2=Not very much 
1=None at all",
Q88P,Confidence: The World Health Organization (WHO),Ordinal,trust33,"4=A great deal 
3=Quite a lot 
2=Not very much 
1=None at all",
Q89P,Confidence: The World Trade Organization (WTO),Ordinal,trust34,"4=A great deal 
3=Quite a lot 
2=Not very much 
1=None at all",
Q90,International organizations: being effective vs being democratic,Ordinal,ethical16,"1.- Being effective 
2.- 2 
3.- 3 
4.- 4 
5.- 5 
6.- 6 
7.- 7 
8.- 8 
9.- 9 
10.- Being democratic",
Q91,Countries with the permanent seats on the UN Security Council,Nominal,UN_country,"1.- France 
2.- China 
3.- India",
Q92,Where are the headquarters of the International Monetary Fund (IMF) located?,Nominal,IMF_head,"1.- Washington DC 
2.- London 
3.- Geneva",
Q93,"Which of the following problems does the organization Amnesty International 
deal with?",Nominal,Amn_Int_org_prob,"1.- Climate change 
2.- Human rights 
3.- Destruction of historic monuments",
Q94,Active/Inactive membership: Church or religious organization,Ordinal,civic7,"0.- Don't belong 
1.- Inactive member 
2.- Active member",
Q95,Active/Inactive membership: sport or recreational org ,Ordinal,civic8,"0.- Don't belong 
1.- Inactive member 
2.- Active member",
Q96,"Active/Inactive membership: art, music, educational organization ",Ordinal,civic9,"0.- Don't belong 
1.- Inactive member 
2.- Active member",
Q97,Active/Inactive membership: Labor union ,Ordinal,civic10,"0.- Don't belong 
1.- Inactive member 
2.- Active member",
Q98,Active/Inactive membership: Political party,Ordinal,civic11,"0.- Don't belong 
1.- Inactive member 
2.- Active member",
Q99,Active/Inactive membership: Environmental organization,Ordinal,civic12,"0.- Don't belong 
1.- Inactive member 
2.- Active member",
Q100,Active/Inactive membership: professional organization ,Ordinal,civic13,"0.- Don't belong 
1.- Inactive member 
2.- Active member",
Q101,Active/Inactive membership: charitable/humanitarian organization ,Ordinal,civic14,"0.- Don't belong 
1.- Inactive member 
2.- Active member",
Q102,Active/Inactive membership: consumer organization,Ordinal,civic15,"0.- Don't belong 
1.- Inactive member 
2.- Active member",
Q103,"Active/Inactive membership: Self-help group, mutual aid group ",Ordinal,civic16,"0.- Don't belong 
1.- Inactive member 
2.- Active member",
Q104,Active/Inactive membership: women’s group,Ordinal,civic17,"0.- Don't belong 
1.- Inactive member 
2.- Active member",
Q105,Active/Inactive membership: other organization,Ordinal,civic18,"0.- Don't belong 
1.- Inactive member 
2.- Active member",
Q106,Income equality vs larger income differences  ,Ordinal,income_eq_vs_diff,"1.- Incomes more equal 
2.- 2 
3.- 3 
4.- 4 
5.- 5 
6.- 6 
7.- 7 
8.- 8 
9.- 9 
10.- Larger income differences",
Q107,Private vs state ownership of business,Ordinal,pri_vs_state,"1.- Private ownership of business should be increased  
2.- 2 
3.- 3 
4.- 4 
5.- 5 
6.- 6 
7.- 7 
8.- 8 
9.- 9 
10.- Government ownership of business should be increased ",
Q108,Government ́s vs individual ́s responsibility  ,Ordinal,gov_vs_individual,"1.- The government should take more responsibility to ensure that everyone is 
provided for 
2.- 2 
3.- 3 
4.- 4 
5.- 5 
6.- 6 
7.- 7 
8.- 8 
9.- 9 
10.- People should take more responsibility to provide for themselves",
Q109,Competition good or harmful,Ordinal,comp_good_vs_harm,"1.- Competition is good 
2.- 2 
3.- 3 
4.- 4 
5.- 5 
6.- 6 
7.- 7 
8.- 8 
9.- 9 
10.- Competition is harmful",
Q110,Success: hard work vs luck,Ordinal,growth9,"1.- In the long run, hard work usually brings a better life  
2.- 2 
3.- 3 
4.- 4 
5.- 5 
6.- 6 
7.- 7 
8.- 8 
9.- 9 
10.- Hard work doesn ́t generally bring success - it ́s more a matter of luck and 
connections",
Q111,Protecting environment vs. Economic growth,Nominal,protect_env_vs_econ,"1.- A: Protect environment 
2.- B: Economic growth 
3.- Other answer",
Q112,Perceptions of corruption in the country,Ordinal,ethical17,"1.- 1= No corruption
2.- 2 
3.- 3 
4.- 4 
5.- 5 
6.- 6 
7.- 7 
8.- 8 
9.- 9 
10.- 10=Abundant corruption",
Q113,Involved in corruption: State authorities,Ordinal,ethical18,"1.- None of them 
2.- Few of them 
3.- Most of them 
4.- All of them",
Q114,Involved in corruption: Business executives,Ordinal,ethical19,"1.- None of them 
2.- Few of them 
3.- Most of them 
4.- All of them",
Q115,Involved in corruption: Local authorities,Ordinal,ethical20,"1.- None of them 
2.- Few of them 
3.- Most of them 
4.- All of them",
Q116,Involved in corruption: Civil service providers,Ordinal,ethical21,"1.- None of them 
2.- Few of them 
3.- Most of them 
4.- All of them",
Q117,Involved in corruption: Journalists and media,Ordinal,ethical22,"1.- None of them 
2.- Few of them 
3.- Most of them 
4.- All of them",
Q118,"Frequency  ordinary  people  pay  a  bribe,  give  a  gift  or  do  a  favor  to  local 
officials/service providers in order to get services ",Ordinal,ethical23,"1=Never 
2=Rarely 
3=Frequently 
4=Always",
Q119P,"Degree of agreement: On the whole, women are less corrupt than men",Ordinal,ga_women_less_corrupt,"0.- Hard to say 
1.- Strongly agree 
2.- Agree 
3.- Disagree 
4.- Strongly disagree",
Q120,Risk to be held accountable for giving or receiving a bribe,Ordinal,ethical24,"1=No risk at all 
2 
3 
4 
5 
6 
7 
8 
9 
10=Very high risk",
Q121,Impact of immigrants on the development of the country ,Ordinal,compassion1,"5=Very good 
4=Quite good 
3=Neither good, nor bad 
2=Quite bad 
1=Very bad",
Q122,Immigration in your country: Fills useful jobs in the workforce,Ordinal,civic19,"2=Agree 
1=Hard to say 
0=Disagree",
Q123,Immigration in your country: Strengthens cultural diversity,Ordinal,compassion2,"2=Agree 
1=Hard to say 
0=Disagree",
Q124,Immigration in your country: Increases the crime rate,Ordinal,ethical25,"2=Agree 
1=Hard to say 
0=Disagree",
Q125,Immigration in your country: Gives asylum to political refugees,Ordinal,compassion3,"2=Agree 
1=Hard to say 
0=Disagree",
Q126,Immigration in your country: Increases the risks of terrorism,Ordinal,ethical26,"2=Agree 
1=Hard to say 
0=Disagree",
Q127,Immigration in your country: Helps poor people establish new lives,Ordinal,compassion4,"2=Agree 
1=Hard to say 
0=Disagree",
Q128,Immigration in your country: Increases unemployment,Ordinal,civic20,"2=Agree 
1=Hard to say 
0=Disagree",
Q129,Immigration in your country: Leads to social conflict,Ordinal,ethical27,"2=Agree 
1=Hard to say 
0=Disagree",
Q130P,Immigration policy preference,Nominal,immig_policy_prefer,"4=Let anyone come who 
wants to 
3=Let people come as long as 
there are jobs available 
2=Place strict limits on the 
number of foreigners who can 
come here 
1=Prohibit people coming 
here from other countries ",
Q131P,Secure in neighborhood,Ordinal,safety5,"4=Very secure 
3=Quite secure 
2=Not very secure 
1=Not at all secure",
Q132P,Frequency in your neighborhood: Robberies,Ordinal,safety6,"4=Very frequently 
3=Quite frequently 
2=Not frequently 
1=Not at all frequently",
Q133P,Frequency in your neighborhood: Alcohol consumed in the streets,Ordinal,safety7,"4=Very frequently 
3=Quite frequently 
2=Not frequently 
1=Not at all frequently",
Q134P,"Frequency in your neighborhood: Police or military interfere with people’s private 
life ",Ordinal,safety8,"4=Very frequently 
3=Quite frequently 
2=Not frequently 
1=Not at all frequently",
Q135P,Frequency in your neighborhood: Racist behavior,Ordinal,safety9,"4=Very frequently 
3=Quite frequently 
2=Not frequently 
1=Not at all frequently",
Q136P,Frequency in your neighborhood: Drug sale in streets,Ordinal,safety10,"4=Very frequently 
3=Quite frequently 
2=Not frequently 
1=Not at all frequently",
Q137P,Frequency in your neighborhood: Street violence and fights,Ordinal,safety11,"4=Very frequently 
3=Quite frequently 
2=Not frequently 
1=Not at all frequently",
Q138P,Frequency in your neighborhood: Sexual harassment,Ordinal,safety12,"4=Very frequently 
3=Quite frequently 
2=Not frequently 
1=Not at all frequently",1.0
Q139P,Things done for reasons of security: Didn’t carry much money ,Binary,safety13,"1=Yes 
0=No",
Q140P,Things done for reasons of security: Preferred not to go out at night ,Binary,safety14,"1=Yes 
0=No",
Q141P,"Things done for reasons of security: Carried a knife, gun or other weapon",Binary,safety15,"1=Yes 
0=No",
Q142P,Worries: Losing my job or not finding a job,Ordinal,safety16,"4=Very much 
3=A good deal 
2=Not much 
1=Not at all",
Q143P,Worries: Not being able to give one ́s children a good education,Ordinal,safety17,"4=Very much 
3=A good deal 
2=Not much 
1=Not at all",
Q144P,Respondent was victim of a crime during the past year,Binary,safety18,"1=Yes 
0=No",
Q145P,Respondent ́s family was victim of a crime during last year,Binary,safety19,"1=Yes 
0=No",
Q146P,Worries: A war involving my country ,Ordinal,safety20,"4=Very much 
3=A good deal 
2=Not much 
1=Not at all",
Q147P,Worries: A terrorist attack,Ordinal,safety21,"4=Very much 
3=A good deal 
2=Not much 
1=Not at all",
Q148P,Worries: A civil war,Ordinal,safety22,"4=Very much 
3=A good deal 
2=Not much 
1=Not at all",
Q149,Freedom and Equality - Which more important ,Nominal,freedom_eq,"1. Freedom 
2. Equality",
Q150,Freedom and security - Which more important ,Nominal,freedom_sec,"1. Freedom 
2. Security",
Q151P,Willingness to fight for country,Binary,civic21,"1=Yes 
0=No ",
Q152,Aims of country: first choice,Nominal,country_aim1,"1.- A high level of economic growth 
2.- Strong defence forces 
3.- People have more say about how things are done  
4.- Trying to make our cities and countryside more beautiful",
Q153,Aims of country: second choice,Nominal,country_aim2,"1.- A high level of economic growth 
2.- Making sure this country has strong defence forces  
3.- Seeing that people have more say about how  are done at their jobs and in their 
communities 
4.- Trying to make our cities and countryside more beautiful",
Q154,Aims of respondent: first choice,Nominal,respon_aim1,"1.- Maintaining order in the nation 
2.- Giving people more say in important government decisions  
3.- Fighting rising prices 
4.- Protecting freedom of speech",
Q155,Aims of respondent: second choice,Nominal,respon_aim2,"1.- Maintaining order in the nation 
2.- Giving people more say in important government decisions  
3.- Fighting rising prices 
4.- Protecting freedom of speech",
Q156,Most important: first choice,Nominal,important_choice1,"1.- A stable economy 
2.- Progress toward a less impersonal and more humane society 
3.- Progress toward a society in which Ideas count more than money  
4.- The fight against crime",
Q157,Most important: second choice,Nominal,important_choice2,"1.- A stable economy 
2.- Progress toward a less impersonal and more humane  society  
3.- Progress toward a society in which Ideas count more than money  
4.- The fight against crime",
Q158,"Science  and technology  are making  our lives  healthier,  easier,  and more 
comfortable ",Ordinal,growth10,"1=Completely disagree 
2 
3 
4 
5 
6 
7 
8 
9 
10=Completely agree",
Q159,"Because of science and technology, there will be more opportunities for the next 
generation",Ordinal,civic22,"1=Completely disagree 
2 
3 
4 
5 
6 
7 
8 
9 
10=Completely agree",
Q160,We depend too much on science and not enough on faith,Ordinal,ethical28,"1=Completely disagree 
2 
3 
4 
5 
6 
7 
8 
9 
10=Completely agree",
Q161,"One of the bad effects of science is that it breaks down people’s ideas of right and 
wrong ",Ordinal,ethical29,"1=Completely disagree 
2 
3 
4 
5 
6 
7 
8 
9 
10=Completely agree",
Q162,It is not important for me to know about science in my daily life,Ordinal,growth11,"1=Completely disagree 
2 
3 
4 
5 
6 
7 
8 
9 
10=Completely agree",1.0
Q163,"The world is better off, or worse off, because of science and technology",Ordinal,ethical30,"1=A lot worst off 
2 
3 
4 
5 
6 
7 
8 
9 
10= A lot better off",
Q164,Importance of God,Ordinal,growth12,"1=Not important at all 
2 
3 
4 
5 
6 
7 
8 
9 
10=Very important ",
Q165P,Believe in: God,Binary,ethical31,"1=Yes 
0=No",
Q166P,Believe in: life after death,Binary,growth13,"1=Yes 
0=No",
Q167P,Believe in: hell,Binary,ethical32,"1=Yes 
0=No",
Q168P,Believe in: heaven,Binary,growth14,"1=Yes 
0=No",
Q169P,"Whenever science and religion conflict,  religion is always right ",Ordinal,religious1,"4=Strongly agree 
3=Agree 
2=Disagree 
1=Strongly disagree",
Q170P,The only acceptable religion is my religion,Ordinal,ethical33,"4=Strongly agree 
3=Agree 
2=Disagree 
1=Strongly disagree",
Q171P,How often do you attend religious services,Ordinal,trust35,"7=More than once a week 
6=Once a week 
5=Once a month 
4=Only on special holy days  
3=Once a year 
2=Less often 
1=Never, practically never",
Q172P,How often to you pray,Ordinal,growth15,"8.- Several times a day 
7.- Once a day 
6.- Several times each week 
5.- Only when attending religious services 
4.- Only on special holy days 
3.- Once a year 
2.- Less often 
1.- Never, practically never",
Q173P,Religious person,Binary,religious2,"3=Religious person 
2=Not religious 
1=Atheist",
Q174,"Meaning of religion: To follow religious norms and ceremonies vs To do good to 
other people ",Binary,religious3,"1.- Follow religious norms and ceremonies 
2.- Do good to other people ",
Q175,"Meaning of religion: To make sense of life after death vs To make sense of life in 
this world",Binary,religious4,"1.- Make sense of life after death 
2.- Make sense of life in this world",
Q176P,"Degree of agreement: Nowadays one often has trouble deciding which moral rules 
are the right ones to follow",Ordinal,ethical34,"1=Completely disagree 
2 
3 
4 
5 
6 
7 
8 
9 
10=Completely agree",
Q177,Justifiable: Claiming government benefits to which you are not entitled,Ordinal,ethical35,"1.- Never justifiable 
2.- 2 
3.- 3 
4.- 4 
5.- 5 
6.- 6 
7.- 7 
8.- 8 
9.- 9 
10.- Always justifiable",
Q178,Justifiable: Avoiding a fare on public transport,Ordinal,ethical36,"1.- Never justifiable 
2.- 2 
3.- 3 
4.- 4 
5.- 5 
6.- 6 
7.- 7 
8.- 8 
9.- 9 
10.- Always justifiable",
Q179,Justifiable: Stealing property,Ordinal,ethical37,"1.- Never justifiable 
2.- 2 
3.- 3 
4.- 4 
5.- 5 
6.- 6 
7.- 7 
8.- 8 
9.- 9 
10.- Always justifiable",
Q180,Justifiable: Cheating on taxes,Ordinal,ethical38,"1.- Never justifiable 
2.- 2 
3.- 3 
4.- 4 
5.- 5 
6.- 6 
7.- 7 
8.- 8 
9.- 9 
10.- Always justifiable",
Q181,Justifiable: Someone accepting a bribe in the course of their duties,Ordinal,ethical39,"1.- Never justifiable 
2.- 2 
3.- 3 
4.- 4 
5.- 5 
6.- 6 
7.- 7 
8.- 8 
9.- 9 
10.- Always justifiable",
Q182,Justifiable: Homosexuality,Ordinal,ethical40,"1.- Never justifiable 
2.- 2 
3.- 3 
4.- 4 
5.- 5 
6.- 6 
7.- 7 
8.- 8 
9.- 9 
10.- Always justifiable",
Q183,Justifiable: Prostitution,Ordinal,ethical41,"1.- Never justifiable 
2.- 2 
3.- 3 
4.- 4 
5.- 5 
6.- 6 
7.- 7 
8.- 8 
9.- 9 
10.- Always justifiable",
Q184,Justifiable: Abortion,Ordinal,ethical42,"1.- Never justifiable 
2.- 2 
3.- 3 
4.- 4 
5.- 5 
6.- 6 
7.- 7 
8.- 8 
9.- 9 
10.- Always justifiable",
Q185,Justifiable: Divorce,Ordinal,ethical43,"1.- Never justifiable 
2.- 2 
3.- 3 
4.- 4 
5.- 5 
6.- 6 
7.- 7 
8.- 8 
9.- 9 
10.- Always justifiable",
Q186,Justifiable: Sex before marriage,Ordinal,ethical44,"1.- Never justifiable 
2.- 2 
3.- 3 
4.- 4 
5.- 5 
6.- 6 
7.- 7 
8.- 8 
9.- 9 
10.- Always justifiable",
Q187,Justifiable: Suicide,Ordinal,ethical45,"1.- Never justifiable 
2.- 2 
3.- 3 
4.- 4 
5.- 5 
6.- 6 
7.- 7 
8.- 8 
9.- 9 
10.- Always justifiable",
Q188,Justifiable: Euthanasia,Ordinal,ethical46,"1.- Never justifiable 
2.- 2 
3.- 3 
4.- 4 
5.- 5 
6.- 6 
7.- 7 
8.- 8 
9.- 9 
10.- Always justifiable",
Q189,Justifiable: For a man to beat his wife,Ordinal,ethical47,"1.- Never justifiable 
2.- 2 
3.- 3 
4.- 4 
5.- 5 
6.- 6 
7.- 7 
8.- 8 
9.- 9 
10.- Always justifiable",
Q190,Justifiable: Parents beating children,Ordinal,ethical48,"1.- Never justifiable 
2.- 2 
3.- 3 
4.- 4 
5.- 5 
6.- 6 
7.- 7 
8.- 8 
9.- 9 
10.- Always justifiable",
Q191,Justifiable: Violence against other people,Ordinal,ethical49,"1.- Never justifiable 
2.- 2 
3.- 3 
4.- 4 
5.- 5 
6.- 6 
7.- 7 
8.- 8 
9.- 9 
10.- Always justifiable",
Q192,"Justifiable: Terrorism as a political, ideological or religious mean",Ordinal,ethical50,"1.- Never justifiable 
2.- 2 
3.- 3 
4.- 4 
5.- 5 
6.- 6 
7.- 7 
8.- 8 
9.- 9 
10.- Always justifiable",
Q193,Justifiable: Having casual sex,Ordinal,ethical51,"1.- Never justifiable 
2.- 2 
3.- 3 
4.- 4 
5.- 5 
6.- 6 
7.- 7 
8.- 8 
9.- 9 
10.- Always justifiable",
Q194,Justifiable: Political violence,Ordinal,ethical52,"1.- Never justifiable 
2.- 2 
3.- 3 
4.- 4 
5.- 5 
6.- 6 
7.- 7 
8.- 8 
9.- 9 
10.- Always justifiable",
Q195,Justifiable: Death penalty,Ordinal,ethical53,"1.- Never justifiable 
2.- 2 
3.- 3 
4.- 4 
5.- 5 
6.- 6 
7.- 7 
8.- 8 
9.- 9 
10.- Always justifiable",
Q196P,Government has the right: Keep people under video surveillance in public areas,Ordinal,ethical54,"1= Definitely should have the 
right 
2= Probably should have the 
right 
3= Probably should not have 
the right 
4= Definitely should not have 
the right ",
Q197P,"Government has the right: Monitor all e-mails and any other information 
exchanged on the Internet",Ordinal,ethical55,"1= Definitely should have the 
right 
2= Probably should have the 
right 
3= Probably should not have 
the right 
4= Definitely should not have 
the right ",
Q198P,"Government has the right: Collect information about anyone living in this 
country without their knowledge",Ordinal,ethical56,"1= Definitely should have the 
right 
2= Probably should have the 
right 
3= Probably should not have 
the right 
4= Definitely should not have 
the right ",
Q199P,Interest in politics,Ordinal,civic23,"4=Very interested 
3=Somewhat interested 
3=Not very interested 
1=Not at all interested ",
Q200P,How often discusses political matters with friends,Ordinal,civic24,"3=Frequently 
2=Occasionally 
1=Never",
Q201P,Information source: Daily newspaper,Ordinal,civic25,"5=Daily 
4=Weekly 
3=Monthly 
2=Less than monthly 
1=Never ",
Q202P,Information source: TV news,Ordinal,civic26,"5=Daily 
4=Weekly 
3=Monthly 
2=Less than monthly 
1=Never ",
Q203P,Information source: Radio news,Ordinal,civic27,"5=Daily 
4=Weekly 
3=Monthly 
2=Less than monthly 
1=Never ",
Q204P,Information source: Mobile phone,Ordinal,civic28,"5=Daily 
4=Weekly 
3=Monthly 
2=Less than monthly 
1=Never ",
Q205P,Information source: Email,Ordinal,civic29,"5=Daily 
4=Weekly 
3=Monthly 
2=Less than monthly 
1=Never ",
Q206P,Information source: Internet,Ordinal,civic30,"5=Daily 
4=Weekly 
3=Monthly 
2=Less than monthly 
1=Never ",
Q207P,"Information source: Social media (Facebook, Twitter, etc.)",Ordinal,civic31,"5=Daily 
4=Weekly 
3=Monthly 
2=Less than monthly 
1=Never ",
Q208P,Information source: Talk with friends or colleagues,Ordinal,civic32,"5=Daily 
4=Weekly 
3=Monthly 
2=Less than monthly 
1=Never ",
Q209P,Political action: Signing a petition,Ordinal,civic33,"3=Have done
2=Might do 
1=Would never do",
Q210P,Political action: joining in boycotts,Ordinal,civic34,"3=Have done
2=Might do 
1=Would never do",
Q211P,Political action: attending lawful/peaceful demonstrations ,Ordinal,civic35,"3=Have done
2=Might do 
1=Would never do",
Q212P,Political action: joining unofficial strikes ,Ordinal,civic36,"3=Have done
2=Might do 
1=Would never do",
Q213P,Social activism: Donating to a group or campaign,Ordinal,civic37,"3=Have done
2=Might do 
1=Would never do",
Q214P,Social activism: Contacting a government official,Ordinal,civic38,"3=Have done
2=Might do 
1=Would never do",
Q215P,Social activism: Encouraging others to take action about political issues,Ordinal,civic39,"3=Have done
2=Might do 
1=Would never do",
Q216P,Social activism: Encouraging others to vote,Ordinal,civic40,"3=Have done
2=Might do 
1=Would never do",
Q217P,Political actions online: Searching information about politics and political events,Ordinal,civic41,"3=Have done
2=Might do 
1=Would never do",
Q218P,Political actions online: Signing an electronic petition,Ordinal,civic42,"3=Have done
2=Might do 
1=Would never do",
Q219P,"Political actions online: Encouraging other people to  take any  form of  political 
action",Ordinal,civic43,"3=Have done
2=Might do 
1=Would never do",
Q220P,"Political actions online: Organizing political activities, events, protests",Ordinal,civic44,"3=Have done
2=Might do 
1=Would never do",
Q221P,Vote in elections: local level,Ordinal,civic45,"4=Always 
3=Usually 
2=Never 
1=Not allowed to vote",
Q222P,Vote in elections: National level ,Ordinal,civic46,"4=Always 
3=Usually 
2=Never 
1=Not allowed to vote",
Q223,Which party would you vote for if there were a national election tomorrow,Nominal,party_vote,Country-specific,
Q224P,How often in country ́s elections: Votes are counted fairly,Ordinal,ethical57,"4=Very often 
3=Fairly often 
2=Not often 
1=Not at all often",
Q225P,"How  often  in  country ́s  elections:  Opposition  candidates  are  prevented  from 
running ",Ordinal,ethical58,"4=Very often 
3=Fairly often 
2=Not often 
1=Not at all often",
Q226P,How often in country ́s elections: TV news favors the governing party,Ordinal,ethical59,"4=Very often 
3=Fairly often 
2=Not often 
1=Not at all often",
Q227P,How often in country ́s elections: Voters are bribed,Ordinal,ethical60,"4=Very often 
3=Fairly often 
2=Not often 
1=Not at all often",1.0
Q228P,How often in country ́s elections: Journalists provide fair coverage of elections,Ordinal,ethical61,"4=Very often 
3=Fairly often 
2=Not often 
1=Not at all often",
Q229P,How often in country ́s elections: Election officials are fair,Ordinal,ethical62,"4=Very often 
3=Fairly often 
2=Not often 
1=Not at all often",
Q230P,How often in country ́s elections: Rich people buy elections,Ordinal,ethical63,"4=Very often 
3=Fairly often 
2=Not often 
1=Not at all often",
Q231P,How often in country ́s elections: Voters are threatened with  violence at the polls,Ordinal,ethical64,"4=Very often 
3=Fairly often 
2=Not often 
1=Not at all often",1.0
Q232P,"How often in country ́s elections: Voters are offered a genuine choice in the 
elections",Ordinal,ethical65,"4=Very often 
3=Fairly often 
2=Not often 
1=Not at all often",
Q233P,How often in country ́s elections: Women have equal opportunities to run the office,Ordinal,ethical66,"4=Very often 
3=Fairly often 
2=Not often 
1=Not at all often",
Q234P,"Some people think that having honest elections makes a lot of difference in their 
lives;  other people think that it doesn’t matter much",Ordinal,ethical67,"4=Very important 
3=Rather important 
2=Not very important 
1=Not at all important",
Q234AP,How much the political system allows people to have a say ,Ordinal,civic47,"5.- A great deal 
4.- A lot 
3.- Some 
2.- Very little 
1.- Not at all",
Q235P,"Political  system:  Having  a  strong  leader  who  does  not  have  to  bother  with 
parliament and elections",Ordinal,ethical68,"4=Very good 
3=Fairly good 
2=Fairly bad 
1=Very bad",
Q236P,"Political system: Having experts, not  government, make decisions according to 
what they think is best for the country",Ordinal,ethical69,"4=Very good 
3=Fairly good 
2=Fairly bad 
1=Very bad",
Q237P,Political system: Having the army rule,Ordinal,ethical70,"4=Very good 
3=Fairly good 
2=Fairly bad 
1=Very bad",
Q238P,Political system: Having a democratic political system,Ordinal,civic48,"4=Very good 
3=Fairly good 
2=Fairly bad 
1=Very bad",
Q239P,"Political system: Having a system governed by religious law in which there are no 
political parties or elections",Ordinal,ethical71,"4=Very good 
3=Fairly good 
2=Fairly bad 
1=Very bad",
Q240,Left-right political scale,Ordinal,l_vs_r_political,"1.- Left 
2.- 2 
3.- 3 
4.- 4 
5.- 5 
6.- 6 
7.- 7 
8.- 8 
9.- 9 
10.- Right",
Q241,Democracy: Governments tax the rich and subsidize the poor,Ordinal,ethical72,"0.- It is against democracy (spontaneous) 
1.- Not an essential characteristic of democracy 
2.- 2 
3.- 3 
4.- 4 
5.- 5 
6.- 6 
7.- 7 
8.- 8 
9.- 9 
10.- An essential characteristic of democracy ",
Q242,Democracy: Religious authorities interpret the laws,Ordinal,ethical73,"0.- It is against democracy (spontaneous) 
1.- Not an essential characteristic of democracy 
2.- 2 
3.- 3 
4.- 4 
5.- 5 
6.- 6 
7.- 7 
8.- 8 
9.- 9 
10.- An essential characteristic of democracy ",
Q243,Democracy: People choose their leaders in free elections,Ordinal,civic49,"0.- It is against democracy (spontaneous) 
1.- Not an essential characteristic of democracy 
2.- 2 
3.- 3 
4.- 4 
5.- 5 
6.- 6 
7.- 7 
8.- 8 
9.- 9 
10.- An essential characteristic of democracy ",
Q244,Democracy: People receive state aid for unemployment,Ordinal,ethical74,"0.- It is against democracy (spontaneous) 
1.- Not an essential characteristic of democracy 
2.- 2 
3.- 3 
4.- 4 
5.- 5 
6.- 6 
7.- 7 
8.- 8 
9.- 9 
10.- An essential characteristic of democracy ",
Q245,Democracy: The army takes over when government is incompetent,Ordinal,ethical75,"0.- It is against democracy (spontaneous) 
1.- Not an essential characteristic of democracy 
2.- 2 
3.- 3 
4.- 4 
5.- 5 
6.- 6 
7.- 7 
8.- 8 
9.- 9 
10.- An essential characteristic of democracy ",
Q246,Democracy: Civil rights protect people’s liberty against oppression,Ordinal,ethical76,"0.- It is against democracy (spontaneous) 
1.- Not an essential characteristic of democracy 
2.- 2 
3.- 3 
4.- 4 
5.- 5 
6.- 6 
7.- 7 
8.- 8 
9.- 9 
10.- An essential characteristic of democracy ",
Q247,Democracy: The state makes people ́s incomes equal,Ordinal,ethical77,"0.- It is against democracy (spontaneous) 
1.- Not an essential characteristic of democracy 
2.- 2 
3.- 3 
4.- 4 
5.- 5 
6.- 6 
7.- 7 
8.- 8 
9.- 9 
10.- An essential characteristic of democracy ",
Q248,Democracy: People obey their rulers,Ordinal,ethical78,"0.- It is against democracy (spontaneous) 
1.- Not an essential characteristic of democracy 
2.- 2 
3.- 3 
4.- 4 
5.- 5 
6.- 6 
7.- 7 
8.- 8 
9.- 9 
10.- An essential characteristic of democracy ",
Q249,Democracy: Women have the same rights as men,Ordinal,ethical79,"0.- It is against democracy (spontaneous) 
1.- Not an essential characteristic of democracy 
2.- 2 
3.- 3 
4.- 4 
5.- 5 
6.- 6 
7.- 7 
8.- 8 
9.- 9 
10.- An essential characteristic of democracy ",
Q250,Importance of democracy,Ordinal,civic50,"1=Not at all important 
2 
3 
4 
5 
6 
7 
8 
9 
10=Absolutely important ",
Q251,How democratically is this country being governed today,Ordinal,civic51,"1=Not at all democratic 
2 
3 
4 
5 
6 
7 
8 
9 
10=Completely democratic",
Q252,Satisfaction with the political system performance,Ordinal,civic52,"1=Not at all satisfied 
2 
3 
4 
5 
6 
7 
8 
9 
10=Completely satisfied",
Q253P,Respect for individual human rights nowadays,Ordinal,ethical80,"4=A great deal 
3=Fairly much 
2=Not much  
1=No respect at all ",
Q254P,National pride,Ordinal,civic53,"4=Very proud 
3=Quite proud 
2=Not very proud 
1=Not at all proud",
Q255P,"Feel close to your village, town or city",Ordinal,growth16,"4=Very close 
3=Close 
2=Not very close 
1=Not close at all",
Q256P,"Feel close to your district, region",Ordinal,growth17,"4=Very close 
3=Close 
2=Not very close 
1=Not close at all",
Q257P,Feel close to your country,Ordinal,growth18,"4=Very close 
3=Close 
2=Not very close 
1=Not close at all",
Q258P,Feel close to your continent ,Ordinal,growth19,"4=Very close 
3=Close 
2=Not very close 
1=Not close at all",
Q259P,Feel close to the world,Ordinal,growth20,"4=Very close 
3=Close 
2=Not very close 
1=Not close at all",
Q260,Sex,Binary,sex,"1.- Male 
2.- Female",
Q261,Year of birth,Date,date_of_birth,,
Q262,Age,Continuous,age,Num of age,
Q263,Respondent immigrant,Binary,immigrant,"1.- I am born in this country 
2.- I am an immigrant to this country (born outside this country) ",
Q264,Mother immigrant,Binary,mom_immigrant,"1.- Not an immigrant 
2.- Immigrant",
Q265,Father immigrant,Binary,dad_immigrant,"1.- Not an immigrant 
2.- Immigrant",
Q266,Country of birth: Respondent,Nominal,birth_country,Country code,
Q267,Country of birth: Mother of the respondent,Nominal,mom_birth_country,Country code,
Q268,Country of birth: Father of the respondent,Nominal,dad_birth_country,Country code,
Q269,Respondent citizen,Binary,citizenship,"1.- Yes, I am a citizen of this country 
2.- Not, I am not a citizen of this country 
3.- SWI2: Applied, awaiting decision",
Q270,Number of people in household,Discrete,num_of_household,"1.- 1 
2.- 2 
3.- 3 
4.- 4 
5.- 5 
6.- 6 
7-89.- 7 persons or more",
Q271,Do you live with your parents,Binary,live_with_parent,"1.- No 
2.- Yes, own parent(s) 
3.- Yes, parent(s) in law 
4.- Yes, both own parent(s) and parent(s) in law",
Q272,Language at home,Nominal,mother_tongue,Language code,
Q273,Marital status,Binary,marital_status,"1.- Married 
2.- Living together as married 
3.- Divorced 
4.- Separated 
5.- Widowed 
6.- Single",
Q274,How many children do you have,Discrete,num_of_child,"0.- No children 
1.- 1 child2.- 2 children 
3.- 3 children 
4.- 4 children 
5.- 5 children 
6.- 6 children 
7-25.- 7 or more children",
Q275,Highest educational level: Respondent [ISCED 2011],Ordinal,education_level,"0.- Early childhood education (ISCED 0) / no education  
1.- Primary education (ISCED 1) 
2.- Lower secondary education (ISCED 2) 
3.- Upper secondary education (ISCED 3) 
4.- Post-secondary non-tertiary education (ISCED 4) 
5.- Short-cycle tertiary education (ISCED 5) 
6.- Bachelor or equivalent (ISCED 6) 
7.- Master or equivalent (ISCED 7) 
8.- Doctoral or equivalent (ISCED 8)",
Q276,Highest educational level: Respondent ́s Spouse [ISCED 2011],Ordinal,spouse_education_level,"0.- Early childhood education (ISCED 0) / no education  
1.- Primary education (ISCED 1) 
2.- Lower secondary education (ISCED 2) 
3.- Upper secondary education (ISCED 3) 
4.- Post-secondary non-tertiary education (ISCED 4) 
5.- Short-cycle tertiary education (ISCED 5) 
6.- Bachelor or equivalent (ISCED 6) 
7.- Master or equivalent (ISCED 7) 
8.- Doctoral or equivalent (ISCED 8)",
Q277,Highest educational level: Respondent ́s Mother [ISCED 2011],Ordinal,mom_education_level,"0.- Early childhood education (ISCED 0) / no education  
1.- Primary education (ISCED 1) 
2.- Lower secondary education (ISCED 2) 
3.- Upper secondary education (ISCED 3) 
4.- Post-secondary non-tertiary education (ISCED 4) 
5.- Short-cycle tertiary education (ISCED 5) 
6.- Bachelor or equivalent (ISCED 6) 
7.- Master or equivalent (ISCED 7) 
8.- Doctoral or equivalent (ISCED 8)",
Q278,Highest educational level: Respondent ́s Father [ISCED 2011],Ordinal,dad_education_level,"0.- Early childhood education (ISCED 0) / no education  
1.- Primary education (ISCED 1) 
2.- Lower secondary education (ISCED 2) 
3.- Upper secondary education (ISCED 3) 
4.- Post-secondary non-tertiary education (ISCED 4) 
5.- Short-cycle tertiary education (ISCED 5) 
6.- Bachelor or equivalent (ISCED 6) 
7.- Master or equivalent (ISCED 7) 
8.- Doctoral or equivalent (ISCED 8)",
Q279,Employment status,Nominal,employment_status,"1.- Full time (30 hours a week or more) 
2.- Part time (less than 30 hours a week) 
3.- Self employed 
4.- Retired/pensioned 
5.- Housewife not otherwise employed 
6.- Student 
7.- Unemployed 
8.- Other",
Q280,Employment status - Respondent ́s Spouse ,Nominal,spouse_employment_status,"1.- Full time (30 hours a week or more) 
2.- Part time (less than 30 hours a week) 
3.- Self employed 
4.- Retired/pensioned 
5.- Housewife not otherwise employed 
6.- Student 
7.- Unemployed 
8.- Other",
Q281,Respondent - Occupational group ,Nominal,occupational_group,"0.- Never had a job 
1.- Professional and technical (for example: doctor, teacher, engineer, artist, 
accountant, nurse) 
2.- Higher administrative (for example: banker, executive in big business, high 
government official, union official) 
3.- Clerical (for example: secretary, clerk, office manager, civil servant, bookkeeper  
4.- Sales (for example: sales manager, shop owner, shop assistant, insurance agent, 
buyer) 
5.- Service (for example: restaurant owner, police officer, waitress, barber, caretaker)  
6.- Skilled worker (for example: foreman, motor mechanic, printer, seamstress, tool 
and die maker, electrician) 
7.- Semi-skilled worker (for example: bricklayer, bus driver, cannery worker, 
carpenter, sheet metal worker, baker) 
8.- Unskilled worker (for example: labourer, porter, unskilled factory worker, cleaner)  
9.- Farm worker (for example: farm labourer, tractor driver)  
10.- Farm owner, farm manager 
11.- JP,KG,TJ: Other",
Q282,Respondent ́s Spouse - Occupational group,Nominal,spouse_occupational_group,"0.- Never had a job 
1.- Professional and technical (for example: doctor, teacher, engineer, artist, 
accountant, nurse) 
2.- Higher administrative (for example: banker, executive in big business, high 
government official, union official) 
3.- Clerical (for example: secretary, clerk, office manager, civil servant, bookkeeper  
4.- Sales (for example: sales manager, shop owner, shop assistant, insurance agent, 
buyer) 
5.- Service (for example: restaurant owner, police officer, waitress, barber, caretaker)  
6.- Skilled worker (for example: foreman, motor mechanic, printer, seamstress, tool 
and die maker, electrician) 
7.- Semi-skilled worker (for example: bricklayer, bus driver, cannery worker, 
carpenter, sheet metal worker, baker) 
8.- Unskilled worker (for example: labourer, porter, unskilled factory worker, cleaner)  
9.- Farm worker (for example: farm labourer, tractor driver)  
10.- Farm owner, farm manager 
11.- JP,KG,TJ: Other",
Q283,Respondent ́s Father - Occupational group (when respondent was 14 years old) ,Nominal,dad_occupational_group,"0.- Never had a job 
1.- Professional and technical (for example: doctor, teacher, engineer, artist, 
accountant, nurse) 
2.- Higher administrative (for example: banker, executive in big business, high 
government official, union official) 
3.- Clerical (for example: secretary, clerk, office manager, civil servant, bookkeeper  
4.- Sales (for example: sales manager, shop owner, shop assistant, insurance agent, 
buyer) 
5.- Service (for example: restaurant owner, police officer, waitress, barber, caretaker)  
6.- Skilled worker (for example: foreman, motor mechanic, printer, seamstress, tool 
and die maker, electrician) 
7.- Semi-skilled worker (for example: bricklayer, bus driver, cannery worker, 
carpenter, sheet metal worker, baker) 
8.- Unskilled worker (for example: labourer, porter, unskilled factory worker, cleaner)  
9.- Farm worker (for example: farm labourer, tractor driver)  
10.- Farm owner, farm manager 
11.- JP,KG,TJ: Other",
Q284,Sector of employment,Nominal,Employment_sector,"1.- Government or public institution 
2.- Private business or industry 
3.- Private non-profit organization",
Q285,Are you the chief wage earner in your house,Binary,chief_wage,"1.- Yes 
2.- No",
Q286,Family savings during past year,Nominal,family_saving,"1.- Save money 
2.- Just get by 
3.- Spent some savings and borrowed money  
4.- Spent savings and borrowed money",
Q287P,Social class (subjective),Ordinal,social_class,"5=Upper class 
4=Upper middle class 
3=Lower middle class 
2=Working class 
1=Lower class",
Q288,Scale of incomes,Ordinal,income_scale,"1.- Lower step 
2.- second step 
3.- Third step 
4.- Fourth step 
5.- Fifth step 
6.- Sixth step 
7.- Seventh step 
8.- Eight  step 
9.- Nineth step 
10.- Tenth step",
Q289,Religious denominations - major groups ,Nominal,religiosity,"0.- Do not belong to a denomination 
1.- Roman Catholic 
2.- Protestant 
3.- Orthodox (Russian/Greek/etc.) 
4.- Jew
5.- Muslim 
6.- Hindu 
7.- Buddhist 
8.- Other Christian (Evangelical/Pentecostal/Fee church/etc.) 
9.- Other",
Q290,Racial belonging/ ethnic group,Nominal,race,Racial code,
